<?xml version="1.0" encoding="UTF-8"?>



<properties>

	<ICustomerAccountService
		value="service.customeraccountservice.CustomerAccountImpl"></ICustomerAccountService>

	<ILoginService
		id="iLoginSvc"
		value="service.loginservice.LoginServiceImpl">
	</ILoginService>

	<ISearchFlightInformationService
		value="service.searchflightinformationservice.SearchFlightInformationImpl">
	</ISearchFlightInformationService>
	<IListAvailableItineraryOptionsService
		value="service.listavailableitineraryoptionsservice.ListAvailableItineraryOptionsImpl">
	</IListAvailableItineraryOptionsService>

	<IReserveItineraryService
		value="service.reserveitineraryservice.ReserveItineraryImpl">
	</IReserveItineraryService>

	<IBookItineraryService
		value="service.bookitineraryservice.BookItineraryImpl">
	</IBookItineraryService>



	<ICustomerAccountService
		value="service.customeraccountservice.CustomerAccountJDBCImpl">
	</ICustomerAccountService>

	<ILoginService value="service.loginservice.LoginJDBCImpl">
	</ILoginService>



	<ILoginService value="service.loginservice.LoginORMImpl">
	</ILoginService>



</properties>